id,name,isCustomizable,htmlContent,title,description,price,imageUrl,gradientColor1,gradientColor2,gradientColor3,gradientColor4,useBackgroundImage,isActive,createdAt
banner-natal-2024,Banner de Natal 2024,false,"
<section class=""relative overflow-hidden"" style=""
  background: linear-gradient(135deg, #c41e3a 0%, #228b22 50%, #ffd700 100%);
  height: 400px;
  display: flex;
  align-items: center;
  box-shadow: 0 25px 50px rgba(0,0,0,0.3);
"">
  <style>
    @keyframes float {
      0%, 100% { transform: translateY(0px) rotate(0deg); }
      33% { transform: translateY(-12px) rotate(3deg); }
      66% { transform: translateY(6px) rotate(-3deg); }
    }
    @keyframes pulse-glow {
      0%, 100% { transform: scale(1); box-shadow: 0 20px 40px rgba(255, 71, 87, 0.4); }
      50% { transform: scale(1.05); box-shadow: 0 25px 50px rgba(255, 71, 87, 0.6); }
    }
    .decoration { position: absolute; animation: float 6s ease-in-out infinite; filter: drop-shadow(0 5px 10px rgba(0,0,0,0.2)); }
    .tree1 { top: 30px; left: 80px; font-size: 40px; animation-delay: 0s; }
    .gift1 { top: 250px; left: 120px; font-size: 35px; animation-delay: -2s; }
    .star1 { top: 80px; right: 200px; font-size: 30px; animation-delay: -1s; }
    .bell1 { top: 200px; right: 150px; font-size: 35px; animation-delay: -3s; }
  </style>
  
  <!-- Decora√ß√µes natalinas -->
  <div class=""decoration tree1"">üéÑ</div>
  <div class=""decoration gift1"">üéÅ</div>
  <div class=""decoration star1"">‚≠ê</div>
  <div class=""decoration bell1"">üîî</div>
  
  <!-- Conte√∫do principal -->
  <div class=""max-w-7xl mx-auto px-4 sm:px-6 lg:px-8 py-16"">
    <div class=""grid grid-cols-1 lg:grid-cols-2 gap-8 items-center"">
      <div class=""text-center lg:text-left"">
        <!-- Conte√∫do do banner -->
        <div style=""
          background: rgba(255, 255, 255, 0.15);
          backdrop-filter: blur(20px);
          border: 1px solid rgba(255, 255, 255, 0.25);
          border-radius: 20px;
          padding: 40px;
          box-shadow: 0 15px 35px rgba(0,0,0,0.1);
        "">
          <div style=""font-size: 1.1rem; color: #ffd700; font-weight: 700; margin-bottom: 10px; text-transform: uppercase; letter-spacing: 2px; text-shadow: 1px 1px 3px rgba(0,0,0,0.3);"">
            OFERTA ESPECIAL
          </div>
          <h1 style=""font-size: 2.8rem; font-weight: 900; color: white; margin-bottom: 15px; text-shadow: 2px 2px 8px rgba(0,0,0,0.5); line-height: 1.1;"">
            NATAL 2024
          </h1>
          <p style=""font-size: 1.1rem; color: rgba(255,255,255,0.95); margin-bottom: 25px; line-height: 1.5;"">
            Sabores especiais para as festas natalinas. Venha celebrar conosco!
          </p>
          <button onclick=""document.getElementById('menu')?.scrollIntoView({ behavior: 'smooth' })"" style=""
            background: linear-gradient(135deg, #00cec9, #55a3ff);
            color: white;
            border: none;
            padding: 15px 35px;
            border-radius: 50px;
            font-size: 1rem;
            font-weight: 700;
            cursor: pointer;
            text-transform: uppercase;
            letter-spacing: 1px;
            transition: all 0.3s ease;
            box-shadow: 0 8px 20px rgba(0, 206, 201, 0.4);
          "" onmouseover=""this.style.transform='translateY(-3px)'; this.style.boxShadow='0 12px 25px rgba(0, 206, 201, 0.6)'"" onmouseout=""this.style.transform='translateY(0)'; this.style.boxShadow='0 8px 20px rgba(0, 206, 201, 0.4)'"">
            üçΩÔ∏è VER CARD√ÅPIO
          </button>
        </div>
      </div>
      
      <!-- Se√ß√£o de oferta -->
      <div style=""display: flex; align-items: center; justify-content: center; position: relative; padding: 50px;"">
        <div style=""
          width: 200px;
          height: 200px;
          background: linear-gradient(135deg, #ff4757, #c44569);
          border-radius: 50%;
          display: flex;
          flex-direction: column;
          align-items: center;
          justify-content: center;
          position: relative;
          animation: pulse-glow 3s ease-in-out infinite;
        "">
          <div style=""font-size: 1rem; color: white; font-weight: 600; margin-bottom: 5px; text-transform: uppercase; letter-spacing: 1px;"">AT√â</div>
          <div style=""font-size: 3rem; color: white; font-weight: 900; line-height: 1; text-shadow: 2px 2px 8px rgba(0,0,0,0.3);"">25</div>
          <div style=""font-size: 1.2rem; color: white; font-weight: 700;"">%</div>
          <div style=""font-size: 0.9rem; color: rgba(255,255,255,0.9); font-weight: 600; text-transform: uppercase;"">OFF</div>
        </div>
        <div style=""position: absolute; right: -20px; bottom: 0px; font-size: 120px; animation: bounce 2s ease-in-out infinite; filter: drop-shadow(0 10px 20px rgba(0,0,0,0.3)); z-index: 5;"">
          üéÖ
        </div>
      </div>
    </div>
  </div>
  
  <style>
    @keyframes bounce {
      0%, 100% { transform: translateY(0px); }
      50% { transform: translateY(-10px); }
    }
  </style>
</section>",Hamb√∫rguers de Natal,Sabores especiais para as festas natalinas. Venha celebrar conosco!,21.90,https://images.unsplash.com/photo-1512621776951-a57141f2eefd?ixlib=rb-4.0.3&auto=format&fit=crop&w=800&h=600,#c41e3a,#228b22,#ffd700,#dc143c,false,false,Tue Sep 02 2025 16:20:26 GMT+0000 (Coordinated Universal Time)
banner-dia-dos-pais,Banner Dia dos Pais,false,"
<section class=""relative overflow-hidden"" style=""
  background: linear-gradient(135deg, #2d3436 0%, #636e72 50%, #74b9ff 100%);
  height: 400px;
  display: flex;
  align-items: center;
  box-shadow: 0 25px 50px rgba(0,0,0,0.3);
"">
  <style>
    @keyframes float {
      0%, 100% { transform: translateY(0px) rotate(0deg); }
      33% { transform: translateY(-12px) rotate(3deg); }
      66% { transform: translateY(6px) rotate(-3deg); }
    }
    @keyframes pulse-glow {
      0%, 100% { transform: scale(1); box-shadow: 0 20px 40px rgba(116, 185, 255, 0.4); }
      50% { transform: scale(1.05); box-shadow: 0 25px 50px rgba(116, 185, 255, 0.6); }
    }
    @keyframes bounce {
      0%, 100% { transform: translateY(0px); }
      50% { transform: translateY(-10px); }
    }
    .decoration { position: absolute; animation: float 6s ease-in-out infinite; filter: drop-shadow(0 5px 10px rgba(0,0,0,0.2)); }
    .tie1 { top: 50px; left: 120px; font-size: 35px; animation-delay: 0s; }
    .trophy1 { top: 270px; left: 90px; font-size: 40px; animation-delay: -2s; }
    .star1 { top: 80px; right: 200px; font-size: 30px; animation-delay: -1s; }
  </style>
  
  <!-- Decora√ß√µes do Dia dos Pais -->
  <div class=""decoration tie1"">üëî</div>
  <div class=""decoration trophy1"">üèÜ</div>
  <div class=""decoration star1"">‚≠ê</div>
  
  <!-- Conte√∫do principal -->
  <div class=""max-w-7xl mx-auto px-4 sm:px-6 lg:px-8 py-16"">
    <div class=""grid grid-cols-1 lg:grid-cols-2 gap-8 items-center"">
      <div class=""text-center lg:text-left"">
        <div style=""
          background: rgba(255, 255, 255, 0.15);
          backdrop-filter: blur(20px);
          border: 1px solid rgba(255, 255, 255, 0.25);
          border-radius: 20px;
          padding: 40px;
          box-shadow: 0 15px 35px rgba(0,0,0,0.1);
        "">
          <div style=""font-size: 1.1rem; color: #ffd700; font-weight: 700; margin-bottom: 10px; text-transform: uppercase; letter-spacing: 2px; text-shadow: 1px 1px 3px rgba(0,0,0,0.3);"">
            PARA O HER√ìI
          </div>
          <h1 style=""font-size: 2.8rem; font-weight: 900; color: white; margin-bottom: 15px; text-shadow: 2px 2px 8px rgba(0,0,0,0.5); line-height: 1.1;"">
            DIA DOS PAIS
          </h1>
          <p style=""font-size: 1.1rem; color: rgba(255,255,255,0.95); margin-bottom: 25px; line-height: 1.5;"">
            Sabores robustos que os pais adoram. Homenageie o maior her√≥i da fam√≠lia!
          </p>
          <button onclick=""document.getElementById('menu')?.scrollIntoView({ behavior: 'smooth' })"" style=""
            background: linear-gradient(135deg, #00cec9, #55a3ff);
            color: white;
            border: none;
            padding: 15px 35px;
            border-radius: 50px;
            font-size: 1rem;
            font-weight: 700;
            cursor: pointer;
            text-transform: uppercase;
            letter-spacing: 1px;
            transition: all 0.3s ease;
            box-shadow: 0 8px 20px rgba(0, 206, 201, 0.4);
          "" onmouseover=""this.style.transform='translateY(-3px)'"" onmouseout=""this.style.transform='translateY(0)'"">
            üë®‚Äçüë©‚Äçüëß‚Äçüë¶ PE√áA J√Å
          </button>
        </div>
      </div>
      
      <!-- Se√ß√£o de oferta -->
      <div style=""display: flex; align-items: center; justify-content: center; position: relative; padding: 50px;"">
        <div style=""
          width: 200px;
          height: 200px;
          background: linear-gradient(135deg, #74b9ff, #0984e3);
          border-radius: 50%;
          display: flex;
          flex-direction: column;
          align-items: center;
          justify-content: center;
          position: relative;
          animation: pulse-glow 3s ease-in-out infinite;
        "">
          <div style=""font-size: 1rem; color: white; font-weight: 600; margin-bottom: 5px; text-transform: uppercase; letter-spacing: 1px;"">AT√â</div>
          <div style=""font-size: 3rem; color: white; font-weight: 900; line-height: 1; text-shadow: 2px 2px 8px rgba(0,0,0,0.3);"">30</div>
          <div style=""font-size: 1.2rem; color: white; font-weight: 700;"">%</div>
          <div style=""font-size: 0.9rem; color: rgba(255,255,255,0.9); font-weight: 600; text-transform: uppercase;"">OFF</div>
        </div>
        <div style=""position: absolute; right: -20px; bottom: 0px; font-size: 120px; animation: bounce 2s ease-in-out infinite; filter: drop-shadow(0 10px 20px rgba(0,0,0,0.3)); z-index: 5;"">
          üë®‚Äçüç≥
        </div>
      </div>
    </div>
  </div>
</section>",Hamb√∫rguers do Papai,Para o maior her√≥i da fam√≠lia! Sabores robustos que os pais adoram.,22.90,https://images.unsplash.com/photo-1571091718767-18b5b1457add?ixlib=rb-4.0.3&auto=format&fit=crop&w=800&h=600,#2f4f4f,#4682b4,#1e90ff,#000080,false,false,Tue Sep 02 2025 16:20:26 GMT+0000 (Coordinated Universal Time)
60a82e64-396c-4c4a-878b-f89b4c7ec431,Black Friday,false,"<!DOCTYPE html>
<html lang=""pt-BR"">
<head>
    <meta charset=""UTF-8"">
    <meta name=""viewport"" content=""width=device-width, initial-scale=1.0"">
    <title>Black Friday - Burger House</title>
    <style>
        * {
            margin: 0;
            padding: 0;
            box-sizing: border-box;
        }

        body {
            font-family: 'Arial', sans-serif;
            background: #f5f5f5;
            padding: 20px;
        }

        .black-friday-banner {
            background: linear-gradient(135deg, #1a1a1a 0%, #2d2d2d 50%, #000000 100%);
            border-radius: 20px;
            padding: 40px 30px;
            position: relative;
            overflow: hidden;
            box-shadow: 0 20px 40px rgba(0,0,0,0.3);
            margin: 20px 0;
            animation: glow 2s ease-in-out infinite alternate;
        }

        @keyframes glow {
            from { box-shadow: 0 20px 40px rgba(0,0,0,0.3), 0 0 20px rgba(255,215,0,0.2); }
            to { box-shadow: 0 25px 50px rgba(0,0,0,0.4), 0 0 40px rgba(255,215,0,0.4); }
        }

        .banner-bg-decoration {
            position: absolute;
            top: -50%;
            right: -20%;
            width: 200px;
            height: 200px;
            background: radial-gradient(circle, rgba(255,215,0,0.1) 0%, transparent 70%);
            border-radius: 50%;
            animation: float 6s ease-in-out infinite;
        }

        .banner-bg-decoration:nth-child(2) {
            top: 60%;
            left: -10%;
            animation-delay: -3s;
        }

        @keyframes float {
            0%, 100% { transform: translateY(0px) rotate(0deg); }
            50% { transform: translateY(-20px) rotate(180deg); }
        }

        .banner-content {
            position: relative;
            z-index: 2;
            text-align: center;
        }

        .black-friday-title {
            font-size: 3.5rem;
            font-weight: 900;
            background: linear-gradient(45deg, #FFD700, #FFA500, #FF6B35);
            -webkit-background-clip: text;
            background-clip: text;
            -webkit-text-fill-color: transparent;
            text-transform: uppercase;
            letter-spacing: 3px;
            margin-bottom: 10px;
            animation: shimmer 3s ease-in-out infinite;
        }

        @keyframes shimmer {
            0% { background-position: -200% center; }
            100% { background-position: 200% center; }
        }

        .subtitle {
            color: #ffffff;
            font-size: 1.2rem;
            margin-bottom: 25px;
            text-shadow: 2px 2px 4px rgba(0,0,0,0.5);
        }

        .discount-container {
            display: flex;
            justify-content: center;
            align-items: center;
            gap: 20px;
            margin: 30px 0;
            flex-wrap: wrap;
        }

        .discount-badge {
            background: linear-gradient(135deg, #FF6B35, #FF8E53);
            color: white;
            padding: 15px 25px;
            border-radius: 50px;
            font-size: 2rem;
            font-weight: bold;
            box-shadow: 0 8px 20px rgba(255,107,53,0.3);
            animation: bounce 2s infinite;
        }

        @keyframes bounce {
            0%, 20%, 50%, 80%, 100% { transform: translateY(0); }
            40% { transform: translateY(-10px); }
            60% { transform: translateY(-5px); }
        }

        .offer-text {
            color: #FFD700;
            font-size: 1.5rem;
            font-weight: bold;
            text-shadow: 2px 2px 4px rgba(0,0,0,0.5);
        }

        .cta-buttons {
            display: flex;
            justify-content: center;
            gap: 20px;
            margin-top: 30px;
            flex-wrap: wrap;
        }

        .btn {
            padding: 15px 30px;
            border: none;
            border-radius: 50px;
            font-size: 1.1rem;
            font-weight: bold;
            cursor: pointer;
            transition: all 0.3s ease;
            text-decoration: none;
            display: inline-block;
            text-align: center;
            position: relative;
            overflow: hidden;
        }

        .btn-primary {
            background: linear-gradient(135deg, #28a745, #20c997);
            color: white;
            box-shadow: 0 8px 20px rgba(40,167,69,0.3);
        }

        .btn-secondary {
            background: linear-gradient(135deg, #FFD700, #FFA500);
            color: #1a1a1a;
            box-shadow: 0 8px 20px rgba(255,215,0,0.3);
        }

        .btn:hover {
            transform: translateY(-3px);
            box-shadow: 0 12px 30px rgba(0,0,0,0.2);
        }

        .btn::before {
            content: '';
            position: absolute;
            top: 0;
            left: -100%;
            width: 100%;
            height: 100%;
            background: linear-gradient(90deg, transparent, rgba(255,255,255,0.2), transparent);
            transition: left 0.5s;
        }

        .btn:hover::before {
            left: 100%;
        }

        .countdown-timer {
            background: rgba(255,255,255,0.1);
            border-radius: 15px;
            padding: 15px;
            margin-top: 25px;
            backdrop-filter: blur(10px);
            border: 1px solid rgba(255,255,255,0.2);
        }

        .timer-text {
            color: #FFD700;
            font-size: 1rem;
            margin-bottom: 10px;
            text-transform: uppercase;
            letter-spacing: 1px;
        }

        .timer-display {
            display: flex;
            justify-content: center;
            gap: 15px;
            flex-wrap: wrap;
        }

        .timer-unit {
            background: rgba(0,0,0,0.5);
            padding: 10px 15px;
            border-radius: 10px;
            text-align: center;
            min-width: 60px;
        }

        .timer-number {
            color: #FFD700;
            font-size: 1.5rem;
            font-weight: bold;
            display: block;
        }

        .timer-label {
            color: #ffffff;
            font-size: 0.8rem;
            text-transform: uppercase;
        }

        .fire-emoji {
            font-size: 2rem;
            animation: fireFlicker 1s ease-in-out infinite alternate;
        }

        @keyframes fireFlicker {
            0% { transform: scale(1) rotate(-2deg); }
            100% { transform: scale(1.1) rotate(2deg); }
        }

        @media (max-width: 768px) {
            .black-friday-title {
                font-size: 2.5rem;
                letter-spacing: 2px;
            }
            
            .discount-container {
                flex-direction: column;
                gap: 15px;
            }
            
            .discount-badge {
                font-size: 1.5rem;
                padding: 12px 20px;
            }
            
            .cta-buttons {
                flex-direction: column;
                align-items: center;
            }
            
            .btn {
                width: 100%;
                max-width: 300px;
            }
        }
    </style>
</head>
<body>
    <div class=""black-friday-banner"">
        <div class=""banner-bg-decoration""></div>
        <div class=""banner-bg-decoration""></div>
        
        <div class=""banner-content"">
            <h1 class=""black-friday-title"">Black Friday</h1>
            <p class=""subtitle"">üî• Os Melhores Hamb√∫rguers com Desconto Imperd√≠vel! üî•</p>
            
            <div class=""discount-container"">
                <div class=""discount-badge"">AT√â 50% OFF</div>
                <div class=""offer-text"">nos Mais Vendidos</div>
            </div>
            
            <div class=""cta-buttons"">
                <a href=""#cardapio"" class=""btn btn-primary"">üçî VER OFERTAS</a>
                <a href=""#whatsapp"" class=""btn btn-secondary"">üì± PEDIR AGORA</a>
            </div>
            
            <div class=""countdown-timer"">
                <div class=""timer-text"">‚è∞ Oferta por tempo limitado</div>
                <div class=""timer-display"">
                    <div class=""timer-unit"">
                        <span class=""timer-number"" id=""days"">2</span>
                        <span class=""timer-label"">Dias</span>
                    </div>
                    <div class=""timer-unit"">
                        <span class=""timer-number"" id=""hours"">14</span>
                        <span class=""timer-label"">Horas</span>
                    </div>
                    <div class=""timer-unit"">
                        <span class=""timer-number"" id=""minutes"">35</span>
                        <span class=""timer-label"">Min</span>
                    </div>
                    <div class=""timer-unit"">
                        <span class=""timer-number"" id=""seconds"">42</span>
                        <span class=""timer-label"">Seg</span>
                    </div>
                </div>
            </div>
        </div>
    </div>

    <script>
        // Countdown timer animation
        function updateTimer() {
            const days = Math.floor(Math.random() * 3) + 1;
            const hours = Math.floor(Math.random() * 24);
            const minutes = Math.floor(Math.random() * 60);
            const seconds = Math.floor(Math.random() * 60);
            
            document.getElementById('days').textContent = days.toString().padStart(2, '0');
            document.getElementById('hours').textContent = hours.toString().padStart(2, '0');
            document.getElementById('minutes').textContent = minutes.toString().padStart(2, '0');
            document.getElementById('seconds').textContent = seconds.toString().padStart(2, '0');
        }

        // Update timer every second for demo
        setInterval(updateTimer, 1000);
        updateTimer();

        // Add click animations
        document.querySelectorAll('.btn').forEach(btn => {
            btn.addEventListener('click', function(e) {
                e.preventDefault();
                
                // Create ripple effect
                const ripple = document.createElement('span');
                ripple.style.position = 'absolute';
                ripple.style.width = '20px';
                ripple.style.height = '20px';
                ripple.style.background = 'rgba(255,255,255,0.5)';
                ripple.style.borderRadius = '50%';
                ripple.style.transform = 'scale(0)';
                ripple.style.animation = 'ripple 0.6s linear';
                ripple.style.left = (e.offsetX - 10) + 'px';
                ripple.style.top = (e.offsetY - 10) + 'px';
                
                this.appendChild(ripple);
                
                setTimeout(() => {
                    ripple.remove();
                }, 600);
                
                // Simulate action
                console.log('Bot√£o clicado:', this.textContent);
            });
        });

        // Add ripple animation
        const style = document.createElement('style');
        style.textContent = `
            @keyframes ripple {
                to {
                    transform: scale(4);
                    opacity: 0;
                }
            }
        `;
        document.head.appendChild(style);
    </script>
</body>
</html>",,,,,,,,,false,false,Tue Sep 02 2025 14:50:54 GMT+0000 (Coordinated Universal Time)
be5ef437-a01c-45e9-b1c3-11c647b6fe41,Banner padr√£,true,,Hamburguer artesanal,,18.90,,#ff6b35,#f7931e,#ffd23f,#ff8c42,false,true,Tue Sep 02 2025 15:22:46 GMT+0000 (Coordinated Universal Time)
banner-aniversario,Banner de Anivers√°rio,false,"
<section class=""relative overflow-hidden"" style=""
  background: linear-gradient(135deg, #a29bfe 0%, #fd79a8 50%, #fdcb6e 100%);
  height: 400px;
  display: flex;
  align-items: center;
  box-shadow: 0 25px 50px rgba(0,0,0,0.3);
"">
  <style>
    @keyframes float {
      0%, 100% { transform: translateY(0px) rotate(0deg); }
      33% { transform: translateY(-12px) rotate(3deg); }
      66% { transform: translateY(6px) rotate(-3deg); }
    }
    @keyframes pulse-glow {
      0%, 100% { transform: scale(1); box-shadow: 0 20px 40px rgba(253, 203, 110, 0.4); }
      50% { transform: scale(1.05); box-shadow: 0 25px 50px rgba(253, 203, 110, 0.6); }
    }
    @keyframes bounce {
      0%, 100% { transform: translateY(0px); }
      50% { transform: translateY(-10px); }
    }
    .decoration { position: absolute; animation: float 6s ease-in-out infinite; filter: drop-shadow(0 5px 10px rgba(0,0,0,0.2)); }
    .balloon1 { 
      width: 45px; height: 55px; 
      background: linear-gradient(135deg, #ff7675, #d63031); 
      border-radius: 50% 50% 50% 50% / 60% 60% 40% 40%; 
      top: 30px; left: 80px; 
      animation-delay: 0s; 
    }
    .balloon2 { 
      width: 40px; height: 50px; 
      background: linear-gradient(135deg, #74b9ff, #0984e3); 
      border-radius: 50% 50% 50% 50% / 60% 60% 40% 40%; 
      top: 250px; left: 140px; 
      animation-delay: -2s; 
    }
    .confetti1 { top: 90px; right: 220px; font-size: 25px; animation-delay: -1s; }
    .cake1 { top: 200px; right: 180px; font-size: 35px; animation-delay: -3s; }
  </style>
  
  <!-- Decora√ß√µes de Anivers√°rio -->
  <div class=""decoration balloon1""></div>
  <div class=""decoration balloon2""></div>
  <div class=""decoration confetti1"">üéâ</div>
  <div class=""decoration cake1"">üéÇ</div>
  
  <!-- Conte√∫do principal -->
  <div class=""max-w-7xl mx-auto px-4 sm:px-6 lg:px-8 py-16"">
    <div class=""grid grid-cols-1 lg:grid-cols-2 gap-8 items-center"">
      <div class=""text-center lg:text-left"">
        <div style=""
          background: rgba(255, 255, 255, 0.15);
          backdrop-filter: blur(20px);
          border: 1px solid rgba(255, 255, 255, 0.25);
          border-radius: 20px;
          padding: 40px;
          box-shadow: 0 15px 35px rgba(0,0,0,0.1);
        "">
          <div style=""font-size: 1.1rem; color: #ffd700; font-weight: 700; margin-bottom: 10px; text-transform: uppercase; letter-spacing: 2px; text-shadow: 1px 1px 3px rgba(0,0,0,0.3);"">
            FESTA GARANTIDA
          </div>
          <h1 style=""font-size: 2.8rem; font-weight: 900; color: white; margin-bottom: 15px; text-shadow: 2px 2px 8px rgba(0,0,0,0.5); line-height: 1.1;"">
            ANIVERS√ÅRIO
          </h1>
          <p style=""font-size: 1.1rem; color: rgba(255,255,255,0.95); margin-bottom: 25px; line-height: 1.5;"">
            Comemore seu anivers√°rio com nossos sabores especiais!
          </p>
          <button onclick=""document.getElementById('menu')?.scrollIntoView({ behavior: 'smooth' })"" style=""
            background: linear-gradient(135deg, #00cec9, #55a3ff);
            color: white;
            border: none;
            padding: 15px 35px;
            border-radius: 50px;
            font-size: 1rem;
            font-weight: 700;
            cursor: pointer;
            text-transform: uppercase;
            letter-spacing: 1px;
            transition: all 0.3s ease;
            box-shadow: 0 8px 20px rgba(0, 206, 201, 0.4);
          "" onmouseover=""this.style.transform='translateY(-3px)'"" onmouseout=""this.style.transform='translateY(0)'"">
            üéà CELEBRAR
          </button>
        </div>
      </div>
      
      <!-- Se√ß√£o de oferta -->
      <div style=""display: flex; align-items: center; justify-content: center; position: relative; padding: 50px;"">
        <div style=""
          width: 200px;
          height: 200px;
          background: linear-gradient(135deg, #fd79a8, #fdcb6e);
          border-radius: 50%;
          display: flex;
          flex-direction: column;
          align-items: center;
          justify-content: center;
          position: relative;
          animation: pulse-glow 3s ease-in-out infinite;
        "">
          <div style=""font-size: 1rem; color: white; font-weight: 600; margin-bottom: 5px; text-transform: uppercase; letter-spacing: 1px;"">AT√â</div>
          <div style=""font-size: 3rem; color: white; font-weight: 900; line-height: 1; text-shadow: 2px 2px 8px rgba(0,0,0,0.3);"">40</div>
          <div style=""font-size: 1.2rem; color: white; font-weight: 700;"">%</div>
          <div style=""font-size: 0.9rem; color: rgba(255,255,255,0.9); font-weight: 600; text-transform: uppercase;"">OFF</div>
        </div>
        <div style=""position: absolute; right: -20px; bottom: 0px; font-size: 120px; animation: bounce 2s ease-in-out infinite; filter: drop-shadow(0 10px 20px rgba(0,0,0,0.3)); z-index: 5;"">
          ü•≥
        </div>
      </div>
    </div>
  </div>
</section>",Hamb√∫rguers de Festa,Comemore seu anivers√°rio com nossos sabores especiais! Festa garantida.,18.90,https://images.unsplash.com/photo-1563379091339-03246963d071?ixlib=rb-4.0.3&auto=format&fit=crop&w=800&h=600,#ff4500,#ffd700,#ff6347,#ff8c00,false,false,Tue Sep 02 2025 16:20:26 GMT+0000 (Coordinated Universal Time)
banner-pascoa-2024,Banner da P√°scoa 2024,false,"
<section class=""relative overflow-hidden"" style=""
  background: linear-gradient(135deg, #ff9a9e 0%, #fecfef 50%, #fecfef 100%);
  height: 400px;
  display: flex;
  align-items: center;
  box-shadow: 0 25px 50px rgba(0,0,0,0.3);
"">
  <style>
    @keyframes float {
      0%, 100% { transform: translateY(0px) rotate(0deg); }
      33% { transform: translateY(-12px) rotate(3deg); }
      66% { transform: translateY(6px) rotate(-3deg); }
    }
    @keyframes pulse-glow {
      0%, 100% { transform: scale(1); box-shadow: 0 20px 40px rgba(255, 71, 87, 0.4); }
      50% { transform: scale(1.05); box-shadow: 0 25px 50px rgba(255, 71, 87, 0.6); }
    }
    @keyframes bounce {
      0%, 100% { transform: translateY(0px); }
      50% { transform: translateY(-10px); }
    }
    .decoration { position: absolute; animation: float 6s ease-in-out infinite; filter: drop-shadow(0 5px 10px rgba(0,0,0,0.2)); }
    .egg1 { 
      width: 50px; height: 65px; 
      background: linear-gradient(135deg, #ff6b6b, #ee5a52); 
      border-radius: 50%; 
      top: 30px; left: 80px; 
      animation-delay: 0s; 
    }
    .egg2 { 
      width: 40px; height: 55px; 
      background: linear-gradient(135deg, #74b9ff, #0984e3); 
      border-radius: 50%; 
      top: 250px; left: 120px; 
      animation-delay: -2s; 
    }
    .flower1 { top: 80px; right: 200px; font-size: 35px; animation-delay: -1s; }
  </style>
  
  <!-- Decora√ß√µes da P√°scoa -->
  <div class=""decoration egg1""></div>
  <div class=""decoration egg2""></div>
  <div class=""decoration flower1"">üå∏</div>
  
  <!-- Conte√∫do principal -->
  <div class=""max-w-7xl mx-auto px-4 sm:px-6 lg:px-8 py-16"">
    <div class=""grid grid-cols-1 lg:grid-cols-2 gap-8 items-center"">
      <div class=""text-center lg:text-left"">
        <div style=""
          background: rgba(255, 255, 255, 0.15);
          backdrop-filter: blur(20px);
          border: 1px solid rgba(255, 255, 255, 0.25);
          border-radius: 20px;
          padding: 40px;
          box-shadow: 0 15px 35px rgba(0,0,0,0.1);
        "">
          <div style=""font-size: 1.1rem; color: #ffd700; font-weight: 700; margin-bottom: 10px; text-transform: uppercase; letter-spacing: 2px; text-shadow: 1px 1px 3px rgba(0,0,0,0.3);"">
            EDI√á√ÉO ESPECIAL
          </div>
          <h1 style=""font-size: 2.8rem; font-weight: 900; color: white; margin-bottom: 15px; text-shadow: 2px 2px 8px rgba(0,0,0,0.5); line-height: 1.1;"">
            P√ÅSCOA 2024
          </h1>
          <p style=""font-size: 1.1rem; color: rgba(255,255,255,0.95); margin-bottom: 25px; line-height: 1.5;"">
            Sabores √∫nicos para uma data especial de renova√ß√£o e alegria!
          </p>
          <button onclick=""document.getElementById('menu')?.scrollIntoView({ behavior: 'smooth' })"" style=""
            background: linear-gradient(135deg, #00cec9, #55a3ff);
            color: white;
            border: none;
            padding: 15px 35px;
            border-radius: 50px;
            font-size: 1rem;
            font-weight: 700;
            cursor: pointer;
            text-transform: uppercase;
            letter-spacing: 1px;
            transition: all 0.3s ease;
            box-shadow: 0 8px 20px rgba(0, 206, 201, 0.4);
          "" onmouseover=""this.style.transform='translateY(-3px)'"" onmouseout=""this.style.transform='translateY(0)'"">
            ü•ï PE√áA AGORA
          </button>
        </div>
      </div>
      
      <!-- Se√ß√£o de oferta -->
      <div style=""display: flex; align-items: center; justify-content: center; position: relative; padding: 50px;"">
        <div style=""
          width: 200px;
          height: 200px;
          background: linear-gradient(135deg, #fd79a8, #fdcb6e);
          border-radius: 50%;
          display: flex;
          flex-direction: column;
          align-items: center;
          justify-content: center;
          position: relative;
          animation: pulse-glow 3s ease-in-out infinite;
        "">
          <div style=""font-size: 1rem; color: white; font-weight: 600; margin-bottom: 5px; text-transform: uppercase; letter-spacing: 1px;"">AT√â</div>
          <div style=""font-size: 3rem; color: white; font-weight: 900; line-height: 1; text-shadow: 2px 2px 8px rgba(0,0,0,0.3);"">20</div>
          <div style=""font-size: 1.2rem; color: white; font-weight: 700;"">%</div>
          <div style=""font-size: 0.9rem; color: rgba(255,255,255,0.9); font-weight: 600; text-transform: uppercase;"">OFF</div>
        </div>
        <div style=""position: absolute; right: -20px; bottom: 0px; font-size: 120px; animation: bounce 2s ease-in-out infinite; filter: drop-shadow(0 10px 20px rgba(0,0,0,0.3)); z-index: 5;"">
          üê∞
        </div>
      </div>
    </div>
  </div>
</section>",Hamb√∫rguers da P√°scoa,Edi√ß√£o especial da P√°scoa! Sabores √∫nicos para uma data especial.,19.90,https://images.unsplash.com/photo-1520072959219-c595dc870360?ixlib=rb-4.0.3&auto=format&fit=crop&w=800&h=600,#dda0dd,#ffb6c1,#fff8dc,#f0e68c,false,false,Tue Sep 02 2025 16:20:26 GMT+0000 (Coordinated Universal Time)
banner-dia-das-maes,Banner Dia das M√£es,false,"
<section class=""relative overflow-hidden"" style=""
  background: linear-gradient(135deg, #fd79a8 0%, #fdcb6e 50%, #e17055 100%);
  height: 400px;
  display: flex;
  align-items: center;
  box-shadow: 0 25px 50px rgba(0,0,0,0.3);
"">
  <style>
    @keyframes float {
      0%, 100% { transform: translateY(0px) rotate(0deg); }
      33% { transform: translateY(-12px) rotate(3deg); }
      66% { transform: translateY(6px) rotate(-3deg); }
    }
    @keyframes pulse-glow {
      0%, 100% { transform: scale(1); box-shadow: 0 20px 40px rgba(253, 121, 168, 0.4); }
      50% { transform: scale(1.05); box-shadow: 0 25px 50px rgba(253, 121, 168, 0.6); }
    }
    @keyframes bounce {
      0%, 100% { transform: translateY(0px); }
      50% { transform: translateY(-10px); }
    }
    .decoration { position: absolute; animation: float 6s ease-in-out infinite; filter: drop-shadow(0 5px 10px rgba(0,0,0,0.2)); }
    .heart1 { top: 40px; left: 100px; font-size: 40px; animation-delay: 0s; }
    .flower1 { top: 280px; left: 150px; font-size: 35px; animation-delay: -2s; }
    .gift1 { top: 60px; right: 180px; font-size: 30px; animation-delay: -3s; }
  </style>
  
  <!-- Decora√ß√µes do Dia das M√£es -->
  <div class=""decoration heart1"">üíñ</div>
  <div class=""decoration flower1"">üåπ</div>
  <div class=""decoration gift1"">üéÅ</div>
  
  <!-- Conte√∫do principal -->
  <div class=""max-w-7xl mx-auto px-4 sm:px-6 lg:px-8 py-16"">
    <div class=""grid grid-cols-1 lg:grid-cols-2 gap-8 items-center"">
      <div class=""text-center lg:text-left"">
        <div style=""
          background: rgba(255, 255, 255, 0.15);
          backdrop-filter: blur(20px);
          border: 1px solid rgba(255, 255, 255, 0.25);
          border-radius: 20px;
          padding: 40px;
          box-shadow: 0 15px 35px rgba(0,0,0,0.1);
        "">
          <div style=""font-size: 1.1rem; color: #ffd700; font-weight: 700; margin-bottom: 10px; text-transform: uppercase; letter-spacing: 2px; text-shadow: 1px 1px 3px rgba(0,0,0,0.3);"">
            COM MUITO AMOR
          </div>
          <h1 style=""font-size: 2.8rem; font-weight: 900; color: white; margin-bottom: 15px; text-shadow: 2px 2px 8px rgba(0,0,0,0.5); line-height: 1.1;"">
            DIA DAS M√ÉES
          </h1>
          <p style=""font-size: 1.1rem; color: rgba(255,255,255,0.95); margin-bottom: 25px; line-height: 1.5;"">
            Sabores carinhosos feitos com amor para a pessoa mais especial!
          </p>
          <button onclick=""document.getElementById('menu')?.scrollIntoView({ behavior: 'smooth' })"" style=""
            background: linear-gradient(135deg, #00cec9, #55a3ff);
            color: white;
            border: none;
            padding: 15px 35px;
            border-radius: 50px;
            font-size: 1rem;
            font-weight: 700;
            cursor: pointer;
            text-transform: uppercase;
            letter-spacing: 1px;
            transition: all 0.3s ease;
            box-shadow: 0 8px 20px rgba(0, 206, 201, 0.4);
          "" onmouseover=""this.style.transform='translateY(-3px)'"" onmouseout=""this.style.transform='translateY(0)'"">
            üíê PRESENTEAR
          </button>
        </div>
      </div>
      
      <!-- Se√ß√£o de oferta -->
      <div style=""display: flex; align-items: center; justify-content: center; position: relative; padding: 50px;"">
        <div style=""
          width: 200px;
          height: 200px;
          background: linear-gradient(135deg, #ff69b4, #ff1493);
          border-radius: 50%;
          display: flex;
          flex-direction: column;
          align-items: center;
          justify-content: center;
          position: relative;
          animation: pulse-glow 3s ease-in-out infinite;
        "">
          <div style=""font-size: 1rem; color: white; font-weight: 600; margin-bottom: 5px; text-transform: uppercase; letter-spacing: 1px;"">AT√â</div>
          <div style=""font-size: 3rem; color: white; font-weight: 900; line-height: 1; text-shadow: 2px 2px 8px rgba(0,0,0,0.3);"">35</div>
          <div style=""font-size: 1.2rem; color: white; font-weight: 700;"">%</div>
          <div style=""font-size: 0.9rem; color: rgba(255,255,255,0.9); font-weight: 600; text-transform: uppercase;"">OFF</div>
        </div>
        <div style=""position: absolute; right: -20px; bottom: 0px; font-size: 120px; animation: bounce 2s ease-in-out infinite; filter: drop-shadow(0 10px 20px rgba(0,0,0,0.3)); z-index: 5;"">
          üë©‚Äç‚ù§Ô∏è‚Äçüë®
        </div>
      </div>
    </div>
  </div>
</section>",Hamb√∫rguers da Mam√£e,Para a pessoa mais especial! Sabores carinhosos feitos com amor.,20.90,https://images.unsplash.com/photo-1464207687429-7505649dae38?ixlib=rb-4.0.3&auto=format&fit=crop&w=800&h=600,#ff69b4,#ffb6c1,#ffc0cb,#ff1493,false,false,Tue Sep 02 2025 16:20:26 GMT+0000 (Coordinated Universal Time)
banner-sao-joao,Banner S√£o Jo√£o,false,"
<section class=""relative overflow-hidden"" style=""
  background: linear-gradient(135deg, #fdcb6e 0%, #e17055 50%, #d63031 100%);
  height: 400px;
  display: flex;
  align-items: center;
  box-shadow: 0 25px 50px rgba(0,0,0,0.3);
"">
  <style>
    @keyframes float {
      0%, 100% { transform: translateY(0px) rotate(0deg); }
      33% { transform: translateY(-12px) rotate(3deg); }
      66% { transform: translateY(6px) rotate(-3deg); }
    }
    @keyframes pulse-glow {
      0%, 100% { transform: scale(1); box-shadow: 0 20px 40px rgba(253, 203, 110, 0.4); }
      50% { transform: scale(1.05); box-shadow: 0 25px 50px rgba(253, 203, 110, 0.6); }
    }
    @keyframes bounce {
      0%, 100% { transform: translateY(0px); }
      50% { transform: translateY(-10px); }
    }
    .decoration { position: absolute; animation: float 6s ease-in-out infinite; filter: drop-shadow(0 5px 10px rgba(0,0,0,0.2)); }
    .corn1 { top: 40px; left: 100px; font-size: 35px; animation-delay: 0s; }
    .fire1 { top: 280px; left: 120px; font-size: 40px; animation-delay: -2s; }
    .hat1 { top: 80px; right: 200px; font-size: 30px; animation-delay: -1s; }
    .accordion1 { top: 200px; right: 150px; font-size: 35px; animation-delay: -3s; }
  </style>
  
  <!-- Decora√ß√µes de S√£o Jo√£o -->
  <div class=""decoration corn1"">üåΩ</div>
  <div class=""decoration fire1"">üî•</div>
  <div class=""decoration hat1"">ü§†</div>
  <div class=""decoration accordion1"">ü™ó</div>
  
  <!-- Conte√∫do principal -->
  <div class=""max-w-7xl mx-auto px-4 sm:px-6 lg:px-8 py-16"">
    <div class=""grid grid-cols-1 lg:grid-cols-2 gap-8 items-center"">
      <div class=""text-center lg:text-left"">
        <div style=""
          background: rgba(255, 255, 255, 0.15);
          backdrop-filter: blur(20px);
          border: 1px solid rgba(255, 255, 255, 0.25);
          border-radius: 20px;
          padding: 40px;
          box-shadow: 0 15px 35px rgba(0,0,0,0.1);
        "">
          <div style=""font-size: 1.1rem; color: #ffd700; font-weight: 700; margin-bottom: 10px; text-transform: uppercase; letter-spacing: 2px; text-shadow: 1px 1px 3px rgba(0,0,0,0.3);"">
            FESTA JUNINA
          </div>
          <h1 style=""font-size: 2.8rem; font-weight: 900; color: white; margin-bottom: 15px; text-shadow: 2px 2px 8px rgba(0,0,0,0.5); line-height: 1.1;"">
            S√ÉO JO√ÉO
          </h1>
          <p style=""font-size: 1.1rem; color: rgba(255,255,255,0.95); margin-bottom: 25px; line-height: 1.5;"">
            Sabores caipiras para a melhor festa junina da cidade!
          </p>
          <button onclick=""document.getElementById('menu')?.scrollIntoView({ behavior: 'smooth' })"" style=""
            background: linear-gradient(135deg, #00cec9, #55a3ff);
            color: white;
            border: none;
            padding: 15px 35px;
            border-radius: 50px;
            font-size: 1rem;
            font-weight: 700;
            cursor: pointer;
            text-transform: uppercase;
            letter-spacing: 1px;
            transition: all 0.3s ease;
            box-shadow: 0 8px 20px rgba(0, 206, 201, 0.4);
          "" onmouseover=""this.style.transform='translateY(-3px)'"" onmouseout=""this.style.transform='translateY(0)'"">
            üåΩ ARRAI√Å
          </button>
        </div>
      </div>
      
      <!-- Se√ß√£o de oferta -->
      <div style=""display: flex; align-items: center; justify-content: center; position: relative; padding: 50px;"">
        <div style=""
          width: 200px;
          height: 200px;
          background: linear-gradient(135deg, #e17055, #d63031);
          border-radius: 50%;
          display: flex;
          flex-direction: column;
          align-items: center;
          justify-content: center;
          position: relative;
          animation: pulse-glow 3s ease-in-out infinite;
        "">
          <div style=""font-size: 1rem; color: white; font-weight: 600; margin-bottom: 5px; text-transform: uppercase; letter-spacing: 1px;"">AT√â</div>
          <div style=""font-size: 3rem; color: white; font-weight: 900; line-height: 1; text-shadow: 2px 2px 8px rgba(0,0,0,0.3);"">25</div>
          <div style=""font-size: 1.2rem; color: white; font-weight: 700;"">%</div>
          <div style=""font-size: 0.9rem; color: rgba(255,255,255,0.9); font-weight: 600; text-transform: uppercase;"">OFF</div>
        </div>
        <div style=""position: absolute; right: -20px; bottom: 0px; font-size: 120px; animation: bounce 2s ease-in-out infinite; filter: drop-shadow(0 10px 20px rgba(0,0,0,0.3)); z-index: 5;"">
          üï∫
        </div>
      </div>
    </div>
  </div>
</section>",,,,,,,,,false,false,Tue Sep 02 2025 16:57:23 GMT+0000 (Coordinated Universal Time)